name,url,price_eur,vat_included,pack_quantity,usage_unit,checked_at
Tenapors EPS 100 putuplasts 100 mm 100x50 cm 6 gab iepakojumā,https://www.ksenukai.lv/p/putuplasts-tenapors-eps-100-100-cm-x-50-cm-x-10-cm/ekfp,45.99,yes,3,m²,2026-10-10
Tenapors EPS 100 putuplasts 50 mm 100x50 cm 12 gab iepakojumā,https://www.ksenukai.lv/p/putuplasts-tenapors-eps-100-100-cm-x-50-cm-x-5-cm/ekfn,45.99,yes,6,m²,2026-10-10
Tenapors EPS 100 putuplasts 30 mm 100x50 cm 20 gab iepakojumā,https://www.ksenukai.lv/p/putuplasts-tenapors-eps-100-100-cm-x-50-cm-x-3-cm/ekfk,45.99,yes,10,m²,2026-10-10
Sakret BK līmjava siltumizolācijas plātnēm 25 kg,https://www.buvserviss.lv/buvmateriali/fasades-materiali/fasades-limesanas-un-armesanas-javas,6.38,yes,25,kg,2026-10-10
Sakret BAK līmēšanas un armēšanas java 25 kg,https://www.buvserviss.lv/buvmateriali/fasades-materiali/fasades-limesanas-un-armesanas-javas,7.69,yes,25,kg,2026-10-10
Sakret KAM balta līmēšanas un armēšanas java 25 kg,https://www.buvserviss.lv/buvmateriali/fasades-materiali/fasades-limesanas-un-armesanas-javas,12.46,yes,25,kg,2026-10-10
Ceresit CT85 EPS līmēšanas un armēšanas java 25 kg,https://www.buvserviss.lv/buvmateriali/fasades-materiali/fasades-limesanas-un-armesanas-javas,11.99,yes,25,kg,2026-10-10
Sakret PG grunts pirms dekoratīvā apmetuma 5 kg,https://www.buvserviss.lv/buvmateriali/fasades-materiali/fasades-gruntis/sakret-pg-grunts-pirms-dekorativa-apmetuma,22.19,yes,5,kg,2026-10-10
Sakret PG grunts pirms dekoratīvā apmetuma 15 kg,https://www.buvserviss.lv/buvmateriali/fasades-materiali/fasades-gruntis/sakret-pg-grunts-pirms-dekorativa-apmetuma,44.99,yes,15,kg,2026-10-10
Sakret PG grunts pirms dekoratīvā apmetuma 25 kg,https://www.buvserviss.lv/buvmateriali/fasades-materiali/fasades-gruntis/sakret-pg-grunts-pirms-dekorativa-apmetuma,59.99,yes,25,kg,2026-10-10
Sakret QG kvarca grunts 5 kg,https://www.buvserviss.lv/buvmateriali/fasades-materiali/fasades-gruntis/sakret-qg-kvarca-grunts,16.99,yes,5,kg,2026-10-10
Sakret QG kvarca grunts 15 kg,https://www.buvserviss.lv/buvmateriali/fasades-materiali/fasades-gruntis/sakret-qg-kvarca-grunts,39.99,yes,15,kg,2026-10-10
Sakret TGW dziļuma grunts 5 L,https://www.buvserviss.lv/buvmateriali/gruntis-mastikas/gruntis/sakret-tgw-dziluma-grunts,13.59,yes,5,l,2026-10-10
Sakret TGW dziļuma grunts 10 L,https://www.buvserviss.lv/buvmateriali/gruntis-mastikas/gruntis/sakret-tgw-dziluma-grunts,19.29,yes,10,l,2026-10-10
Sakret TGW dziļuma grunts 20 L,https://www.buvserviss.lv/buvmateriali/gruntis-mastikas/gruntis/sakret-tgw-dziluma-grunts,37.49,yes,20,l,2026-10-10
Sakret BG būvgrunts 1 L,https://www.buvserviss.lv/buvmateriali/gruntis-mastikas/gruntis/sakret-buvgrunts-bg,1.85,yes,1,l,2026-10-10
Sakret BG būvgrunts 5 L,https://www.buvserviss.lv/buvmateriali/gruntis-mastikas/gruntis/sakret-buvgrunts-bg,9.15,yes,5,l,2026-10-10
Sakret BG būvgrunts 10 L,https://www.buvserviss.lv/buvmateriali/gruntis-mastikas/gruntis/sakret-buvgrunts-bg,15.99,yes,10,l,2026-10-10
Sakret SC silikāta kontakta grunts 15 kg,https://www.buvserviss.lv/buvmateriali/gruntis-mastikas/gruntis/sakret-sc-silikata-kontakta-grunts-15,45.15,yes,15,kg,2026-10-10
Sakret KS P silikāta grunts 10 L,https://www.buvserviss.lv/buvmateriali/gruntis-mastikas/gruntis/sakret-ks-p-silikata-grunts,35.85,yes,10,l,2026-10-10
Sakret TCM Primer grunts pirms hidroizolācijas 1 L,https://www.buvserviss.lv/buvmateriali/gruntis-mastikas/gruntis/sakret-tcm-primer-grunts-pirms-hidroizolacijas,7.71,yes,1,l,2026-10-10
Sakret TCM Primer grunts pirms hidroizolācijas 5 L,https://www.buvserviss.lv/buvmateriali/gruntis-mastikas/gruntis/sakret-tcm-primer-grunts-pirms-hidroizolacijas,33.14,yes,5,l,2026-10-10
Sakret SMS B silikona-silikāta dekoratīvais apmetums 1.5mm 25kg,https://www.buvserviss.lv/zimoli/sakret,45.07,yes,25,kg,2026-10-10
Sakret SIP L silikona dekoratīvais apmetums 2mm 25kg,https://www.buvserviss.lv/zimoli/sakret,57.48,yes,25,kg,2026-10-10
Valmieras stikla šķiedra SSA-1768-S armēšanas siets 70g 50m² (nav 160g fasādes siets),https://www.buvserviss.lv/buvmateriali/fasades-materiali/fasades-sieti/valmieras-stikla-skiedra-ssa-1768-s-stikla-skiedras-armesanas-siets-smalks,54.99,yes,50,m²,2026-10-10
